{
  "calibrated_at": "2026-05-28T12:04:31",
  "source_audit": "data\\audit\\audit_oos_2024_locked.json",
  "n_periods": 4,
  "factors": {
    "valuation": {
      "K": 1.1047201018347268,
      "lambda": 8.760604856958293,
      "r2": 0.8017573691199116,
      "n_obs": 4,
      "mean_ic": 0.1948
    },
    "quality": {
      "K": 0.3038884532051517,
      "lambda": 0.676124645617703,
      "r2": 0.9799759280904109,
      "n_obs": 4,
      "mean_ic": 0.175075
    },
    "growth": {
      "K": 84.06733119764483,
      "lambda": 374.4372951953372,
      "r2": 0.7676964645788993,
      "n_obs": 4,
      "mean_ic": NaN
    },
    "sentiment": {
      "K": 0.0145,
      "lambda": 0.0,
      "r2": 0.0,
      "n_obs": 4,
      "mean_ic": -0.038625
    }
  }
}