{
  "calibrated_at": "2026-05-26T12:25:30",
  "source_audit": "C:\\Users\\fraun\\OneDrive\\Documents\\Stock Evaluator\\data\\audit\\audit_20260526_104149.json",
  "n_periods": 6,
  "factors": {
    "valuation": {
      "K": 0.09891715921730457,
      "lambda": 0.5611238665754277,
      "r2": 0.14872795204424938,
      "n_obs": 6,
      "mean_ic": 0.14151666666666665
    },
    "quality": {
      "K": 0.28196373545120307,
      "lambda": 0.5870369397450694,
      "r2": 0.8512840010400724,
      "n_obs": 6,
      "mean_ic": 0.13886666666666667
    },
    "growth": {
      "K": 0.09634225499089016,
      "lambda": 0.10033293453620953,
      "r2": 0.07496842533195569,
      "n_obs": 6,
      "mean_ic": NaN
    },
    "sentiment": {
      "K": 0.037882072813399545,
      "lambda": 0.0,
      "r2": 0.9810728403178919,
      "n_obs": 6,
      "mean_ic": 0.040016666666666666
    }
  }
}