{
  "run_id": "oos_2025_locked",
  "timestamp": "20260707_003135",
  "n_periods": 5,
  "oos_reserve": "2025",
  "results": [
    {
      "label": "2021->2022",
      "n": 1957,
      "spread": 0.21856982334083172,
      "spread_net": 0.23007244191473553,
      "top_alpha": 0.004376212190628559,
      "top_alpha_net": 0.0433183889874634,
      "universe_mean": -0.1640588002171343,
      "n_proxy": 85,
      "ic": 0.1819323741221912,
      "regime": "R2",
      "factor_ics": {
        "valuation_score": 0.3389,
        "quality_score": 0.2044,
        "growth_score": -0.0293,
        "sentiment_score": -0.0037
      },
      "hrp": {
        "hrp_fwd": -0.09770152973075108,
        "hrp_dd": -0.13327128204503524,
        "hrp_calmar": -0.6793470462147836,
        "ew_fwd": -0.141206651134145,
        "ew_dd": -0.17526574348460922,
        "vol_reduction_pct": 31.89960629744736,
        "n_hrp": 195,
        "max_weight": 0.0696280878987776,
        "top5_weight": 0.20060248111618217,
        "ew_equiv": 0.02564102564102564
      }
    },
    {
      "label": "2022->2023",
      "n": 1818,
      "spread": 0.14595733819974638,
      "spread_net": 0.1578733502670475,
      "top_alpha": 0.09475024231752281,
      "top_alpha_net": 0.05411689620829678,
      "universe_mean": 0.07824669528237273,
      "n_proxy": 129,
      "ic": 0.12132083488126691,
      "regime": "R2",
      "factor_ics": {
        "valuation_score": 0.0473,
        "quality_score": 0.1331,
        "growth_score": 0.127,
        "sentiment_score": 0.007
      },
      "hrp": {
        "hrp_fwd": 0.003973251523725185,
        "hrp_dd": -0.0027571857456487603,
        "hrp_calmar": 1.3300000259822724,
        "ew_fwd": 0.19654426299882521,
        "ew_dd": -0.11403997386323239,
        "vol_reduction_pct": 97.5136978628262,
        "n_hrp": 182,
        "max_weight": 0.35299113059143045,
        "top5_weight": 0.9475620110692039,
        "ew_equiv": 0.027472527472527472
      }
    },
    {
      "label": "2022->2023",
      "n": 1782,
      "spread": 0.027690569559609163,
      "spread_net": 0.037913236003399894,
      "top_alpha": 0.06460717245234066,
      "top_alpha_net": 0.04180325369182819,
      "universe_mean": 0.09556886703827605,
      "n_proxy": 209,
      "ic": 0.06756804236518932,
      "regime": "R3",
      "factor_ics": {
        "valuation_score": 0.0422,
        "quality_score": 0.0971,
        "growth_score": 0.0589,
        "sentiment_score": -0.0615
      },
      "hrp": {
        "hrp_fwd": 7.654377398580436e-08,
        "hrp_dd": -7.085285058661128e-08,
        "hrp_calmar": 0.9972187517200616,
        "ew_fwd": 0.1823392591454276,
        "ew_dd": -0.1009613999175838,
        "vol_reduction_pct": 99.99993518660611,
        "n_hrp": 179,
        "max_weight": 0.4999987693441328,
        "top5_weight": 0.9374978940549521,
        "ew_equiv": 0.027932960893854747
      }
    },
    {
      "label": "2023->2024",
      "n": 1913,
      "spread": 0.27723283742456606,
      "spread_net": 0.2873133276507276,
      "top_alpha": 0.1637306462648379,
      "top_alpha_net": 0.15137288025159168,
      "universe_mean": 0.02920555304950898,
      "n_proxy": 332,
      "ic": 0.20625808786821137,
      "regime": "R3",
      "factor_ics": {
        "valuation_score": 0.1549,
        "quality_score": 0.1495,
        "growth_score": 0.0481,
        "sentiment_score": 0.1073
      },
      "hrp": {
        "hrp_fwd": 0.10452671600745878,
        "hrp_dd": -0.07702376730426486,
        "hrp_calmar": 1.247824090455948,
        "ew_fwd": 0.18852515132583791,
        "ew_dd": -0.11530712126897547,
        "vol_reduction_pct": 36.97663363030771,
        "n_hrp": 192,
        "max_weight": 0.1234872232539987,
        "top5_weight": 0.2572019311057503,
        "ew_equiv": 0.026041666666666668
      }
    },
    {
      "label": "2023->2024",
      "n": 1937,
      "spread": 0.1378693064543788,
      "spread_net": 0.14802879380139455,
      "top_alpha": 0.09070751768797872,
      "top_alpha_net": 0.08482465884774362,
      "universe_mean": 0.03689980744783577,
      "n_proxy": 452,
      "ic": 0.1712035571241563,
      "regime": "R3",
      "factor_ics": {
        "valuation_score": 0.0331,
        "quality_score": 0.0437,
        "growth_score": 0.062,
        "sentiment_score": 0.1792
      },
      "hrp": {
        "hrp_fwd": 0.055473359340306505,
        "hrp_dd": -0.014099559535104889,
        "hrp_calmar": 3.6241585920783015,
        "ew_fwd": 0.13461553728313458,
        "ew_dd": -0.05758236719867227,
        "vol_reduction_pct": 72.52832573936102,
        "n_hrp": 194,
        "max_weight": 0.3319369001345514,
        "top5_weight": 0.6950277288273091,
        "ew_equiv": 0.02577319587628866
      }
    }
  ]
}