{
  "run_id": "oos_2024_locked",
  "timestamp": "20260527_225512",
  "n_periods": 4,
  "oos_reserve": "2024",
  "results": [
    {
      "label": "2021->2022",
      "n": 1889,
      "spread": 0.2053291457908557,
      "spread_net": 0.21255573042642675,
      "top_alpha": 0.03544718572944808,
      "top_alpha_net": 0.054855027928294914,
      "universe_mean": -0.21666458940093267,
      "n_proxy": 32,
      "ic": 0.22117199203439436,
      "regime": "R2",
      "factor_ics": {
        "valuation_score": 0.3602,
        "quality_score": 0.2735,
        "growth_score": NaN,
        "sentiment_score": -0.1048
      },
      "hrp": {
        "hrp_fwd": -0.10092903051674862,
        "hrp_dd": -0.19846295658899216,
        "hrp_calmar": -0.47132600003559894,
        "ew_fwd": -0.18099175619344154,
        "ew_dd": -0.2570350177673465,
        "vol_reduction_pct": 12.140700983462164,
        "n_hrp": 185,
        "max_weight": 0.032577120796611396
      }
    },
    {
      "label": "2021->2022",
      "n": 2012,
      "spread": 0.19533760075251944,
      "spread_net": 0.20659433721782597,
      "top_alpha": -0.003998752973262409,
      "top_alpha_net": 0.03114385520973928,
      "universe_mean": -0.16530741238504526,
      "n_proxy": 94,
      "ic": 0.17346201031238304,
      "regime": "R2",
      "factor_ics": {
        "valuation_score": 0.3309,
        "quality_score": 0.195,
        "growth_score": -0.0289,
        "sentiment_score": -0.0011
      },
      "hrp": {
        "hrp_fwd": -0.10574182010500943,
        "hrp_dd": -0.13613632268422993,
        "hrp_calmar": -0.7200191410098923,
        "ew_fwd": -0.15290741789606876,
        "ew_dd": -0.17675880710713276,
        "vol_reduction_pct": 26.949344288502374,
        "n_hrp": 201,
        "max_weight": 0.0768783864545147
      }
    },
    {
      "label": "2022->2023",
      "n": 1844,
      "spread": 0.15081863218072017,
      "spread_net": 0.1626747026162706,
      "top_alpha": 0.0960030478665987,
      "top_alpha_net": 0.057411777016978166,
      "universe_mean": 0.07700180465804467,
      "n_proxy": 137,
      "ic": 0.12619257732140976,
      "regime": "R2",
      "factor_ics": {
        "valuation_score": 0.0439,
        "quality_score": 0.1348,
        "growth_score": 0.1255,
        "sentiment_score": 0.0145
      },
      "hrp": {
        "hrp_fwd": 0.0005354857374284538,
        "hrp_dd": -0.0006610208174676613,
        "hrp_calmar": 0.7477591256688144,
        "ew_fwd": 0.20215907067268435,
        "ew_dd": -0.10756982118798109,
        "vol_reduction_pct": 99.45275035519512,
        "n_hrp": 185,
        "max_weight": 0.7243797746852576
      }
    },
    {
      "label": "2022->2023",
      "n": 1805,
      "spread": 0.03285304138058054,
      "spread_net": 0.043293469131235204,
      "top_alpha": 0.0823780534863722,
      "top_alpha_net": 0.0586611148645232,
      "universe_mean": 0.09162561343094247,
      "n_proxy": 220,
      "ic": 0.06597903347732963,
      "regime": "R3",
      "factor_ics": {
        "valuation_score": 0.0442,
        "quality_score": 0.097,
        "growth_score": 0.0547,
        "sentiment_score": -0.0631
      },
      "hrp": {
        "hrp_fwd": 5.084558152290697e-08,
        "hrp_dd": -1.0119323134993863e-07,
        "hrp_calmar": 0.46380950779558044,
        "ew_fwd": 0.19680159037382383,
        "ew_dd": -0.0973839608031617,
        "vol_reduction_pct": 99.99991177419287,
        "n_hrp": 181,
        "max_weight": 0.2499993858830887
      }
    }
  ]
}